<?xml version="1.0" encoding="UTF-8"?>
<project-private xmlns="http://www.netbeans.org/ns/project-private/1">
    <editor-bookmarks xmlns="http://www.netbeans.org/ns/editor-bookmarks/2" lastBookmarkId="0"/>
    <open-files xmlns="http://www.netbeans.org/ns/projectui-open-files/2">
        <group>
            <file>file:/C:/Users/olivas.hodei/Desktop/Programazioa/2.%20Ebaluaketa/%2003-Futbola-Herentzia/src/model/Entrenador.java</file>
            <file>file:/C:/Users/olivas.hodei/Desktop/Programazioa/2.%20Ebaluaketa/%2003-Futbola-Herentzia/src/model/IntegranteSeleccion.java</file>
            <file>file:/C:/Users/olivas.hodei/Desktop/Programazioa/2.%20Ebaluaketa/%2003-Futbola-Herentzia/src/exekutagarriak/EuskalSelekzioa.java</file>
            <file>file:/C:/Users/olivas.hodei/Desktop/Programazioa/2.%20Ebaluaketa/%2003-Futbola-Herentzia/src/exekutagarriak/EuskalSelekzioaMenua.java</file>
            <file>file:/C:/Users/olivas.hodei/Desktop/Programazioa/2.%20Ebaluaketa/%2003-Futbola-Herentzia/src/exekutagarriak/Test.java</file>
            <file>file:/C:/Users/olivas.hodei/Desktop/Programazioa/2.%20Ebaluaketa/%2003-Futbola-Herentzia/src/model/Masajista.java</file>
            <file>file:/C:/Users/olivas.hodei/Desktop/Programazioa/2.%20Ebaluaketa/%2003-Futbola-Herentzia/src/model/Futbolista.java</file>
            <file>file:/C:/Users/olivas.hodei/Desktop/Programazioa/2.%20Ebaluaketa/%2003-Futbola-Herentzia/src/model/Demarkazioa.java</file>
            <file>file:/C:/Users/olivas.hodei/Desktop/Programazioa/2.%20Ebaluaketa/%2003-Futbola-Herentzia/src/model/Partida.java</file>
        </group>
    </open-files>
</project-private>
